elion,029f4687-09b6-37c8-906a-0d1bc5c47739
vague,5bbd31ec-1dc9-3788-b174-5db51956218d
zfedq,eb894415-044a-3bd1-b330-eeb9a788d486
griffin,539a3406-9e81-30a6-a2af-fdb3e8f1c37f
inpusible,eb15f919-6cf5-3242-a33d-03741ac6dacf
n1_luka,fe46a859-c230-35f1-b686-0acd8e17223a
lancelot,cba656f6-4d17-3fe3-8957-0cbbca6cab2d
_denire_,6ff00193-9af5-3059-90f6-cd7b41c279fb
dramatic,9316751d-41b8-393b-9f43-9cface19fc4b
saba_killer_saba,dffc4432-9096-397c-a7fd-2e9306d95496
grumm,0a498edb-2bfa-3f61-83ff-018a9b0ecf3f
dito,b06c3295-db1c-3c17-8490-d3eb84429c7a
brazer_,ab971e8f-fe46-3f3d-87f4-b8980d63e8db
dollmithan,2174c987-6bef-38aa-a6c5-6ea37822f297
coldbl0oded,e186271b-f057-3769-8b45-5833ee17a0ba
malekith,8ed494e3-162f-376f-9e74-a49d7716e254
xakira,679ee726-d46f-3477-a31e-f4929ab754a0
4ezi,e6bee5fe-4054-327c-80e3-b0df95a5fd33
hatharal,5bdfbabe-abf9-33e8-972d-e61e9475655c
blabla,cb4225e3-a94e-31fd-a650-cceb3edda23b
c0ldblooded,0e73e3d7-6cbd-3ac6-adf4-069983c59945
timezz_,3c570b02-5a19-3907-931b-d69a2de61b94
